-- 기존 데이터 삭제
SET FOREIGN_KEY_CHECKS = 0;  -- 외래키 체크 비활성화

-- 기존 데이터 삭제
DELETE FROM `product_image_list`;
DELETE FROM `product`;
DELETE FROM `category`;

-- Auto Increment 초기화
ALTER TABLE `category` AUTO_INCREMENT = 1;
ALTER TABLE `product` AUTO_INCREMENT = 1;

SET FOREIGN_KEY_CHECKS = 1;  -- 외래키 체크 다시 활성화

INSERT INTO `category` (`id`, `logo`, `name`) VALUES (1, 's_1ba2770f-b206-4a7b-b743-a227f4ce15be-qukka.png', '쿼카');
INSERT INTO `category` (`id`, `logo`, `name`) VALUES (2, 's_64cebcc4-dd75-4ebe-8617-e6e7083efe32-siba.png', '강아지');
INSERT INTO `category` (`id`, `logo`, `name`) VALUES (3, 's_4361b795-1e4b-4b3e-bff4-b477027d25e3-crocodile.png', '악어');
INSERT INTO `category` (`id`, `logo`, `name`) VALUES (4, 's_6b9cf3af-a55b-4a83-b911-2db9e239323a-lion.png', '라이언');
INSERT INTO `category` (`id`, `logo`, `name`) VALUES (5, 's_c980ad19-0510-4471-9182-a87a3aec84cc-rabbit.png', '토끼');
INSERT INTO `category` (`id`, `logo`, `name`) VALUES (6, 's_82b0b403-5ebd-40d1-8415-8b4a413a3155-turtle.png', '거북이');
INSERT INTO `category` (`id`, `logo`, `name`) VALUES (7, 's_0f551550-387e-41b8-b223-1bbfe4c9d77c-squirrel.png', '다람쥐');
INSERT INTO `category` (`id`, `logo`, `name`) VALUES (8, 's_c8172f84-0639-4e58-a88c-f9b4126b8d6d-otter.png', '해달');
INSERT INTO `category` (`id`, `logo`, `name`) VALUES (9, 's_1efb9bdd-eb88-4d33-931b-e9ee37145b22-cat.png', '고양이');




INSERT INTO `product` (`id`, `best`, `del_flag`, `description`, `discount_price`, `md_pick`, `name`, `price`, `stock_number`, `category_id`) VALUES (1, 'Y', 0, '1번설명', 20000, 'N', 'Sanrio Hello Kitty Mini Mascot Holder | 산리오 헬로 키티 미니 마스코트 홀더', 20000, 97, 1);
INSERT INTO `product` (`id`, `best`, `del_flag`, `description`, `discount_price`, `md_pick`, `name`, `price`, `stock_number`, `category_id`) VALUES (2, 'Y', 0, '2번설명', 79000, 'N', 'Sanrio Hello Kitty Devil Mascot Holder | 산리오 헬로 키티 데빌 마스코트 홀더', 80000, 99, 1);
INSERT INTO `product` (`id`, `best`, `del_flag`, `description`, `discount_price`, `md_pick`, `name`, `price`, `stock_number`, `category_id`) VALUES (3, 'Y', 0, '3번설명', 131000, 'N', 'Adidas x Hello Kitty Adilette Slides White | 아디다스 x 헬로 키티 아딜렛 슬라이드 화이트', 154000, 99, 1);
INSERT INTO `product` (`id`, `best`, `del_flag`, `description`, `discount_price`, `md_pick`, `name`, `price`, `stock_number`, `category_id`) VALUES (4, 'Y', 0, '4번설명', 90000, 'N', '(W) Crocs x Hello Kitty Classic Clog White | (W) 크록스 x 헬로 키티 클래식 클로그 화이트', 90000, 99, 1);
INSERT INTO `product` (`id`, `best`, `del_flag`, `description`, `discount_price`, `md_pick`, `name`, `price`, `stock_number`, `category_id`) VALUES (5, 'Y', 0, '5번설명', 75000, 'N', 'Casetify x Hello Kitty Onigiri Collectible AirPods Pro 1st/2nd Gen Case | 케이스티파이 x 헬로 키티 오니기리 컬렉터블 에어팟 프로 1세대/2세대 케이스', 76000, 99, 1);
INSERT INTO `product` (`id`, `best`, `del_flag`, `description`, `discount_price`, `md_pick`, `name`, `price`, `stock_number`, `category_id`) VALUES (6, 'Y', 0, '6번설명', 36000, 'N', 'Sanrio Hello Kitty AirPods Pro 1st/2nd gen Case | 산리오 헬로 키티 에어팟 프로 1세대/2세대 케이스', 38000, 99, 1);
INSERT INTO `product` (`id`, `best`, `del_flag`, `description`, `discount_price`, `md_pick`, `name`, `price`, `stock_number`, `category_id`) VALUES (7, 'Y', 0, '7번설명', 115000, 'N', 'Casetify x Hello Kitty Collectible Toaster AirPods Pro 1st/2nd Gen Case | 케이스티파이 x 헬로 키티 컬렉티블 토스터 에어팟 프로 1세대/2세대 케이스', 115000, 99, 1);
INSERT INTO `product` (`id`, `best`, `del_flag`, `description`, `discount_price`, `md_pick`, `name`, `price`, `stock_number`, `category_id`) VALUES (8, 'Y', 0, '8번설명', 33000, 'N', 'Starbucks x Hello Kitty Barista Doll White | 스타벅스 x 헬로 키티 바리스타 인형 화이트', 33000, 99, 1);
INSERT INTO `product` (`id`, `best`, `del_flag`, `description`, `discount_price`, `md_pick`, `name`, `price`, `stock_number`, `category_id`) VALUES (9, 'Y', 0, '9번설명', 90000, 'Y', 'Sanrio Hello Kitty Anniversary Shop Eyelash Pink | 산리오 헬로 키티 애니버서리 숍 속눈썹 핑크', 170000, 99, 1);
INSERT INTO `product` (`id`, `best`, `del_flag`, `description`, `discount_price`, `md_pick`, `name`, `price`, `stock_number`, `category_id`) VALUES (10, 'Y', 0, '10번설명', 65000, 'Y', 'Sanrio Hello Kitty Stuffed Toy Angel Pink. | 산리오 헬로 키티 봉제 토이 엔젤 핑크', 65000, 99, 1);
INSERT INTO `product` (`id`, `best`, `del_flag`, `description`, `discount_price`, `md_pick`, `name`, `price`, `stock_number`, `category_id`) VALUES (11, 'Y', 0, '11번설명', 54000, 'N', 'Starbucks x Hello Kitty SS Cold Cup 473ml | 스타벅스 x 헬로 키티 SS 콜드컵 473ml', 54000, 99, 1);
INSERT INTO `product` (`id`, `best`, `del_flag`, `description`, `discount_price`, `md_pick`, `name`, `price`, `stock_number`, `category_id`) VALUES (12, 'Y', 0, '12번설명', 47000, 'N', 'Starbucks x Hello Kitty Ribbon Lid Seramic Mug 473ml | 스타벅스 x 헬로 키티 리본 리드 세라믹 머그 473ml', 47000, 99, 1);
INSERT INTO `product` (`id`, `best`, `del_flag`, `description`, `discount_price`, `md_pick`, `name`, `price`, `stock_number`, `category_id`) VALUES (13, 'Y', 0, '13번설명', 50000, 'Y', 'Starbucks x Hello Kitty Seramic Mug 355ml | 스타벅스 x 헬로 키티 세라믹 머그 355ml', 50000, 99, 1);
INSERT INTO `product` (`id`, `best`, `del_flag`, `description`, `discount_price`, `md_pick`, `name`, `price`, `stock_number`, `category_id`) VALUES (14, 'Y', 0, '14번설명', 24000, 'N', 'Doosan Bears x Manggom Keyring Doll | 두산 베어스 x 망그러진곰 키링 인형', 24000, 99, 2);
INSERT INTO `product` (`id`, `best`, `del_flag`, `description`, `discount_price`, `md_pick`, `name`, `price`, `stock_number`, `category_id`) VALUES (15, 'Y', 0, '15번설명', 34000, 'N', 'Manggom Runny Nose Plush Keyring | 망그러진 곰 콧물 플러시 키링', 34000, 99, 2);
INSERT INTO `product` (`id`, `best`, `del_flag`, `description`, `discount_price`, `md_pick`, `name`, `price`, `stock_number`, `category_id`) VALUES (16, 'Y', 0, '16번설명', 20000, 'N', 'Doosan Bears x Manggom Acrylic Keyring | 두산 베어스 x 망그러진곰 아크릴 키링', 20000, 99, 2);
INSERT INTO `product` (`id`, `best`, `del_flag`, `description`, `discount_price`, `md_pick`, `name`, `price`, `stock_number`, `category_id`) VALUES (17, 'Y', 0, '17번설명', 35000, 'N', 'Grubby Manggom Mini Face Keyring | 꼬질 망곰 미니 얼굴 키링', 65000, 99, 2);
INSERT INTO `product` (`id`, `best`, `del_flag`, `description`, `discount_price`, `md_pick`, `name`, `price`, `stock_number`, `category_id`) VALUES (18, 'Y', 0, '18번설명', 20000, 'N', 'Manggom Acrylic Keyring Favorite Plush | 망그러진 곰 아크릴 키링 애착플러시', 20000, 99, 2);
INSERT INTO `product` (`id`, `best`, `del_flag`, `description`, `discount_price`, `md_pick`, `name`, `price`, `stock_number`, `category_id`) VALUES (19, 'Y', 0, '19번설명', 20000, 'N', 'Manggom Acrylic Keyring Secret Attic | 망그러진 곰 아크릴 키링 비밀의 다락방', 20000, 99, 2);
INSERT INTO `product` (`id`, `best`, `del_flag`, `description`, `discount_price`, `md_pick`, `name`, `price`, `stock_number`, `category_id`) VALUES (20, 'Y', 0, '20번설명', 35000, 'N', 'Manggom Face Pouch Keyring | 망그러진 곰 얼굴 파우치 키링', 55000, 99, 2);
INSERT INTO `product` (`id`, `best`, `del_flag`, `description`, `discount_price`, `md_pick`, `name`, `price`, `stock_number`, `category_id`) VALUES (21, 'Y', 0, '21번설명', 40000, 'N', 'Manggom Car Neck Pillow | 망그러진 곰 차량용 목쿠션', 40000, 99, 2);
INSERT INTO `product` (`id`, `best`, `del_flag`, `description`, `discount_price`, `md_pick`, `name`, `price`, `stock_number`, `category_id`) VALUES (22, 'Y', 0, '22번설명', 55000, 'N', 'Manggom Lying Body Pillow A Ver. | 망그러진 곰 엎드린 바디필로우 A 버전', 55000, 99, 2);
INSERT INTO `product` (`id`, `best`, `del_flag`, `description`, `discount_price`, `md_pick`, `name`, `price`, `stock_number`, `category_id`) VALUES (23, 'Y', 0, '23번설명', 56000, 'N', 'Manggom 50cm Lying Cushion | 망그러진 곰 50cm 뒹굴 쿠션', 56000, 99, 2);
INSERT INTO `product` (`id`, `best`, `del_flag`, `description`, `discount_price`, `md_pick`, `name`, `price`, `stock_number`, `category_id`) VALUES (24, 'Y', 0, '24번설명', 22000, 'N', 'Manggom Slippers | 망그러진 곰 슬리퍼', 22000, 99, 2);
INSERT INTO `product` (`id`, `best`, `del_flag`, `description`, `discount_price`, `md_pick`, `name`, `price`, `stock_number`, `category_id`) VALUES (25, 'Y', 0, '25번설명', 40000, 'N', 'Peeking Manggom 3-Tier Umbrella | 빼꼼 망그러진 곰 3단 우산', 40000, 99, 2);
INSERT INTO `product` (`id`, `best`, `del_flag`, `description`, `discount_price`, `md_pick`, `name`, `price`, `stock_number`, `category_id`) VALUES (26, 'Y', 0, '26번설명', 150000, 'N', 'Manggom Ready Bag | 망그러진 곰 레디백', 150000, 99, 2);
INSERT INTO `product` (`id`, `best`, `del_flag`, `description`, `discount_price`, `md_pick`, `name`, `price`, `stock_number`, `category_id`) VALUES (27, 'Y', 0, '27번설명', 20000, 'N', 'Flat Manggom Reusable Bag | 찌부 망그러진 곰 리유저블 백', 20000, 99, 2);
INSERT INTO `product` (`id`, `best`, `del_flag`, `description`, `discount_price`, `md_pick`, `name`, `price`, `stock_number`, `category_id`) VALUES (28, 'Y', 0, '28번설명', 25000, 'N', 'Manggom Passport Case | 망그러진 곰 여권 케이스', 25000, 99, 2);
INSERT INTO `product` (`id`, `best`, `del_flag`, `description`, `discount_price`, `md_pick`, `name`, `price`, `stock_number`, `category_id`) VALUES (29, 'Y', 0, '29번설명', 34000, 'N', 'Sanrio Cinnamoroll AirPods Pro 1st/2nd gen Case | 산리오 시나모롤 에어팟 프로 1세대/2세대 케이스', 34000, 99, 3);
INSERT INTO `product` (`id`, `best`, `del_flag`, `description`, `discount_price`, `md_pick`, `name`, `price`, `stock_number`, `category_id`) VALUES (30, 'Y', 0, '30번설명', 35000, 'N', 'Sanrio Cinnamoroll Fluffy AirPods Pro 1st/2nd gen Case | 산리오 시나모롤 플러피 에어팟 프로 1세대/2세대 케이스', 40000, 99, 3);
INSERT INTO `product` (`id`, `best`, `del_flag`, `description`, `discount_price`, `md_pick`, `name`, `price`, `stock_number`, `category_id`) VALUES (31, 'Y', 0, '31번설명', 35000, 'N', 'Sanrio Cinnamoroll Apple Watch Case | 산리오 시나모롤 애플 워치 케이스', 35000, 99, 3);
INSERT INTO `product` (`id`, `best`, `del_flag`, `description`, `discount_price`, `md_pick`, `name`, `price`, `stock_number`, `category_id`) VALUES (32, 'Y', 0, '32번설명', 20000, 'N', 'Sanrio Cinnamoroll Mini Mascot Holder | 산리오 시나모롤 미니 마스코트 홀더', 20000, 99, 3);
INSERT INTO `product` (`id`, `best`, `del_flag`, `description`, `discount_price`, `md_pick`, `name`, `price`, `stock_number`, `category_id`) VALUES (33, 'Y', 0, '33번설명', 28000, 'N', 'Sanrio x Ediya Coffee x Crayon Shin-chan Doll Keyring Cinnamoroll | 산리오 x 이디야 커피 x 짱구는 못말려 인형 키링 시나모롤', 35000, 99, 3);
INSERT INTO `product` (`id`, `best`, `del_flag`, `description`, `discount_price`, `md_pick`, `name`, `price`, `stock_number`, `category_id`) VALUES (34, 'Y', 0, '34번설명', 45000, 'N', 'Sanrio x Chupa Cinnamoroll Chups Mascot Holder | 산리오 x 츄파춥스 시나모롤 마스코트 홀더', 49000, 99, 3);
INSERT INTO `product` (`id`, `best`, `del_flag`, `description`, `discount_price`, `md_pick`, `name`, `price`, `stock_number`, `category_id`) VALUES (35, 'Y', 0, '35번설명', 42000, 'N', 'Sanrio Cinnamoroll Daisy Series Plush | 산리오 시나모롤 데이지 시리즈 플러시', 50000, 99, 3);
INSERT INTO `product` (`id`, `best`, `del_flag`, `description`, `discount_price`, `md_pick`, `name`, `price`, `stock_number`, `category_id`) VALUES (36, 'Y', 0, '36번설명', 30000, 'N', 'Sanrio Cinnamoroll Pote Moko Mascot Holder | 산리오 시나모롤 포테 모코 마스코트 홀더', 30000, 99, 3);
INSERT INTO `product` (`id`, `best`, `del_flag`, `description`, `discount_price`, `md_pick`, `name`, `price`, `stock_number`, `category_id`) VALUES (37, 'Y', 0, '37번설명', 22000, 'N', 'Sanrio Cinnamoroll Baby Angel Series Mascot Holder | 산리오 시나모롤 베이비 엔젤 시리즈 마스코트 홀더', 22000, 99, 3);
INSERT INTO `product` (`id`, `best`, `del_flag`, `description`, `discount_price`, `md_pick`, `name`, `price`, `stock_number`, `category_id`) VALUES (38, 'Y', 0, '38번설명', 27000, 'N', 'Sanrio Cinnamoroll Sakura Dress Series Mascot Holder | 산리오 시나모롤 사쿠라 드레스 시리즈 마스코트 홀더', 27000, 99, 3);
INSERT INTO `product` (`id`, `best`, `del_flag`, `description`, `discount_price`, `md_pick`, `name`, `price`, `stock_number`, `category_id`) VALUES (39, 'Y', 0, '39번설명', 34900, 'N', 'WPC x Sanrio Characters Shading Heart Mini Parasol Folding Umbrella Cinamoroll Off White | WPC x 산리오 캐릭터즈 쉐이딩 하트 미니 파라솔 폴딩 우산 시나모롤 오프 화이트', 34900, 99, 3);
INSERT INTO `product` (`id`, `best`, `del_flag`, `description`, `discount_price`, `md_pick`, `name`, `price`, `stock_number`, `category_id`) VALUES (40, 'Y', 0, '40번설명', 36900, 'N', 'WPC x Sanrio Characters Blackout Satin Ribbon Mini Parasol Folding Cinamoroll Off White | WPC x 산리오 캐릭터즈 블랙아웃 사틴 리본 미니 파라솔 폴딩 시나모롤 오프 화이트', 36900, 99, 3);
INSERT INTO `product` (`id`, `best`, `del_flag`, `description`, `discount_price`, `md_pick`, `name`, `price`, `stock_number`, `category_id`) VALUES (41, 'N', 0, '41번설명', 99000, 'Y', 'Crocs x Sanrio Cinnamoroll Classic Clog Multi | 크록스 x 산리오 시나모롤 클래식 클로그 멀티', 139000, 99, 3);
INSERT INTO `product` (`id`, `best`, `del_flag`, `description`, `discount_price`, `md_pick`, `name`, `price`, `stock_number`, `category_id`) VALUES (42, 'N', 0, '42번설명', 16000, 'Y', 'Sanrio x Ediya Coffee x Crayon Shin-chan Random Figure Magnet (1 Blind Box) | 산리오 x 이디야 커피 x 짱구는 못말려 랜덤 피규어 마그넷 (1개)', 16000, 99, 3);
INSERT INTO `product` (`id`, `best`, `del_flag`, `description`, `discount_price`, `md_pick`, `name`, `price`, `stock_number`, `category_id`) VALUES (43, 'N', 0, '43번설명', 29000, 'Y', 'Sanrio Hello Everyone Cinnamoroll Vinyl Flat Pouch Blue | 산리오 헬로 에브리원 시나모롤 비닐 플랫 파우치 블루', 29000, 99, 3);
INSERT INTO `product` (`id`, `best`, `del_flag`, `description`, `discount_price`, `md_pick`, `name`, `price`, `stock_number`, `category_id`) VALUES (44, 'N', 0, '44번설명', 11210, 'Y', 'Pokemon Mini Mood Light Ver.2 Pikachu | 포켓몬스터 미니 무드등 Ver.2 피카츄', 11800, 99, 4);
INSERT INTO `product` (`id`, `best`, `del_flag`, `description`, `discount_price`, `md_pick`, `name`, `price`, `stock_number`, `category_id`) VALUES (45, 'N', 0, '45번설명', 11210, 'Y', 'Pokemon Mini Mood Light Ver.2 Snorlax | 포켓몬스터 미니 무드등 Ver.2 잠만보', 11800, 99, 4);
INSERT INTO `product` (`id`, `best`, `del_flag`, `description`, `discount_price`, `md_pick`, `name`, `price`, `stock_number`, `category_id`) VALUES (46, 'N', 0, '46번설명', 11210, 'Y', 'Pokemon Mini Mood Light Ver.2 Metamong | 포켓몬스터 미니 무드등 Ver.2 메타몽', 11800, 99, 4);
INSERT INTO `product` (`id`, `best`, `del_flag`, `description`, `discount_price`, `md_pick`, `name`, `price`, `stock_number`, `category_id`) VALUES (47, 'N', 0, '47번설명', 11210, 'Y', 'Pokemon Mini Mood Light Ver.2 Eevee | 포켓몬스터 미니 무드등 Ver.2 이브이', 11800, 99, 4);
INSERT INTO `product` (`id`, `best`, `del_flag`, `description`, `discount_price`, `md_pick`, `name`, `price`, `stock_number`, `category_id`) VALUES (48, 'N', 0, '48번설명', 34900, 'Y', 'Pokemon Squirtle Humidifier | 포켓몬스터 꼬부기 가습기', 34900, 99, 4);
INSERT INTO `product` (`id`, `best`, `del_flag`, `description`, `discount_price`, `md_pick`, `name`, `price`, `stock_number`, `category_id`) VALUES (49, 'N', 0, '49번설명', 68000, 'Y', 'Pokemon Jumbo Metamong Doll | 포켓몬스터 점보 메타몽 인형', 99000, 99, 4);
INSERT INTO `product` (`id`, `best`, `del_flag`, `description`, `discount_price`, `md_pick`, `name`, `price`, `stock_number`, `category_id`) VALUES (50, 'N', 0, '50번설명', 36800, 'Y', 'Pokemon Pikachu Face Doll Cushion 50cm | 포켓몬스터 XY 피카츄 얼굴 인형 쿠션 50cm', 38000, 99, 4);
INSERT INTO `product` (`id`, `best`, `del_flag`, `description`, `discount_price`, `md_pick`, `name`, `price`, `stock_number`, `category_id`) VALUES (51, 'N', 0, '51번설명', 190000, 'Y', 'Daniel Arsham x Pokemon Pikachu Small Plush Beige | 다니엘 아샴 x 포켓몬 피카츄 스몰 플러시 베이지', 200000, 99, 4);
INSERT INTO `product` (`id`, `best`, `del_flag`, `description`, `discount_price`, `md_pick`, `name`, `price`, `stock_number`, `category_id`) VALUES (52, 'N', 0, '52번설명', 39000, 'Y', 'Pokemon Purin Bluetooth Speaker | 포켓몬스터 푸린 블루투스 스피커', 39000, 99, 4);
INSERT INTO `product` (`id`, `best`, `del_flag`, `description`, `discount_price`, `md_pick`, `name`, `price`, `stock_number`, `category_id`) VALUES (53, 'N', 0, '53번설명', 24000, 'Y', 'Pokemon Summer Ice Tumbler | 포켓몬 썸머 아이스 텀블러', 24000, 99, 4);
INSERT INTO `product` (`id`, `best`, `del_flag`, `description`, `discount_price`, `md_pick`, `name`, `price`, `stock_number`, `category_id`) VALUES (54, 'N', 0, '54번설명', 16800, 'Y', 'Pokemon Pikachu Tumbler Heart | 포켓몬스터 피카츄 텀블러 하트', 16800, 99, 4);
INSERT INTO `product` (`id`, `best`, `del_flag`, `description`, `discount_price`, `md_pick`, `name`, `price`, `stock_number`, `category_id`) VALUES (55, 'N', 0, '55번설명', 140000, 'Y', 'Pokemon Center x Van Gogh Museum Pikachu Inspired by Self-Portrait with Grey Felt Hat Figure | 포켓몬 센터 x 반 고흐 뮤지엄 피카츄 인스파이어드 바이 셀프 포트레이트 그레이 펠트 햇 피규어', 170000, 99, 4);
INSERT INTO `product` (`id`, `best`, `del_flag`, `description`, `discount_price`, `md_pick`, `name`, `price`, `stock_number`, `category_id`) VALUES (56, 'N', 0, '56번설명', 120000, 'Y', 'Pokemon Center x Van Gogh Museum Pikachu Inspired by Self-Portrait with Grey Felt Hat Canvas Tote | 포켓몬 센터 x 반 고흐 뮤지엄 피카츄 인스파이어드 바이 셀프 포트레이트 그레이 펠트 햇 캔버스 토트', 500000, 99, 4);
INSERT INTO `product` (`id`, `best`, `del_flag`, `description`, `discount_price`, `md_pick`, `name`, `price`, `stock_number`, `category_id`) VALUES (57, 'N', 0, '57번설명', 55000, 'Y', 'Pokemon Center x Van Gogh Museum Eevee Inspired by Self-Portrait with Straw Hat Canvas Tote | 포켓몬 센터 x 반 고흐 뮤지엄 이브이 인스파이어드 바이 셀프 포트레이트 스트로우 햇 캔버스 토트', 90000, 99, 4);
INSERT INTO `product` (`id`, `best`, `del_flag`, `description`, `discount_price`, `md_pick`, `name`, `price`, `stock_number`, `category_id`) VALUES (58, 'N', 0, '58번설명', 98000, 'Y', 'Pokemon Card Game Sword & Shield Expansion Pack 25th Anniversary Collection Box (Pack of 16) | 포켓몬 카드 게임 소드&실드 확장팩 25주년 기념 컬렉션 박스 (16팩)', 98000, 99, 4);
INSERT INTO `product` (`id`, `best`, `del_flag`, `description`, `discount_price`, `md_pick`, `name`, `price`, `stock_number`, `category_id`) VALUES (59, 'N', 0, '59번설명', 8200, 'Y', 'Crayon Shin Chan Shiro Get Together Mini Mood Light Tilt | 짱구는 못말려 흰둥이 모여라 미니무드등 갸우뚱', 11800, 99, 5);
INSERT INTO `product` (`id`, `best`, `del_flag`, `description`, `discount_price`, `md_pick`, `name`, `price`, `stock_number`, `category_id`) VALUES (60, 'N', 0, '60번설명', 17500, 'Y', 'Crayon Shin Chan Yuri Rabbit Mood Light | 짱구는 못말려 유리 토끼 무드등', 25000, 99, 5);
INSERT INTO `product` (`id`, `best`, `del_flag`, `description`, `discount_price`, `md_pick`, `name`, `price`, `stock_number`, `category_id`) VALUES (61, 'N', 0, '61번설명', 8900, 'Y', 'Crayon Shin Chan Bochan Peach Mood Light | 짱구는 못말려 맹구 복숭아 무드등', 12800, 99, 5);
INSERT INTO `product` (`id`, `best`, `del_flag`, `description`, `discount_price`, `md_pick`, `name`, `price`, `stock_number`, `category_id`) VALUES (62, 'N', 0, '62번설명', 11000, 'Y', 'Crayon Shin Chan Zzanggu Binbag Mood Lamp | 짱구는 못말려 짱구 빈백 무드등', 13800, 99, 5);
INSERT INTO `product` (`id`, `best`, `del_flag`, `description`, `discount_price`, `md_pick`, `name`, `price`, `stock_number`, `category_id`) VALUES (63, 'N', 0, '63번설명', 32000, 'Y', 'Crayon Shin Chan Orgel TV Mood Lamp | 짱구는못말려 짱구 TV 오르골 무드등', 32000, 99, 5);
INSERT INTO `product` (`id`, `best`, `del_flag`, `description`, `discount_price`, `md_pick`, `name`, `price`, `stock_number`, `category_id`) VALUES (64, 'N', 0, '64번설명', 29800, 'Y', 'Crayon Shin Chan Zzanggu Mushroom Mood Light | 짱구는 못말려 짱구 버섯 무드등', 29800, 99, 5);
INSERT INTO `product` (`id`, `best`, `del_flag`, `description`, `discount_price`, `md_pick`, `name`, `price`, `stock_number`, `category_id`) VALUES (65, 'N', 0, '65번설명', 19000, 'Y', 'Crayon Shin Chan Maenggu Wall Colck | 짱구는 못말려 맹구 벽시계', 19000, 99, 5);
INSERT INTO `product` (`id`, `best`, `del_flag`, `description`, `discount_price`, `md_pick`, `name`, `price`, `stock_number`, `category_id`) VALUES (66, 'N', 0, '66번설명', 21000, 'Y', 'Crayon Shin Chan Zzanggu Action Mask Alarm Clock | 짱구는 못말려 짱구 액션가면 알람시계', 21000, 99, 5);
INSERT INTO `product` (`id`, `best`, `del_flag`, `description`, `discount_price`, `md_pick`, `name`, `price`, `stock_number`, `category_id`) VALUES (67, 'N', 0, '67번설명', 28500, 'Y', 'Crayon Shin Chan Buriburizaemon Alarm Clock | 짱구는 못말려 부리부리자에몽 알람시계', 28500, 99, 5);
INSERT INTO `product` (`id`, `best`, `del_flag`, `description`, `discount_price`, `md_pick`, `name`, `price`, `stock_number`, `category_id`) VALUES (68, 'N', 0, '68번설명', 22400, 'Y', 'Crayon Shin Chan Kuroiso Alarm Clock | 짱구는 못말려 흑곰 알람시계', 32000, 99, 5);
INSERT INTO `product` (`id`, `best`, `del_flag`, `description`, `discount_price`, `md_pick`, `name`, `price`, `stock_number`, `category_id`) VALUES (69, 'N', 0, '69번설명', 19000, 'Y', 'Crayon Shin Chan Zzanggu Wall Clock | 짱구는 못말려 짱구벽시계', 19000, 99, 5);
INSERT INTO `product` (`id`, `best`, `del_flag`, `description`, `discount_price`, `md_pick`, `name`, `price`, `stock_number`, `category_id`) VALUES (70, 'N', 0, '70번설명', 79000, 'Y', 'Crayon Shin Chan Bachan Big Figure | 짱구는못말려 맹구 대형 피규어', 79000, 99, 5);
INSERT INTO `product` (`id`, `best`, `del_flag`, `description`, `discount_price`, `md_pick`, `name`, `price`, `stock_number`, `category_id`) VALUES (71, 'N', 0, '71번설명', 25000, 'Y', 'Crayon Shin Chan Knee Blanket Zzanggu | 짱구는 못말려 무릎 담요 짱구이불', 25000, 99, 5);
INSERT INTO `product` (`id`, `best`, `del_flag`, `description`, `discount_price`, `md_pick`, `name`, `price`, `stock_number`, `category_id`) VALUES (72, 'N', 0, '72번설명', 34900, 'Y', 'Crayon Shin Chan Table Sunflower | 짱구는 못말려 접이식 테이블 해바라기반 짱구', 42000, 99, 5);
INSERT INTO `product` (`id`, `best`, `del_flag`, `description`, `discount_price`, `md_pick`, `name`, `price`, `stock_number`, `category_id`) VALUES (73, 'N', 0, '73번설명', 34900, 'Y', 'Crayon Shin Chan Table Whitey 짱구는 못말려 접이식 테이블 흰둥이', 42000, 99, 5);
INSERT INTO `product` (`id`, `best`, `del_flag`, `description`, `discount_price`, `md_pick`, `name`, `price`, `stock_number`, `category_id`) VALUES (74, 'N', 0, '74번설명', 24000, 'Y', 'McDonald’s x Kakao Friends Paper Bag Choonsik Doll | 맥도날드 x 카카오 프렌즈 종이백 춘식이 인형', 25000, 99, 6);
INSERT INTO `product` (`id`, `best`, `del_flag`, `description`, `discount_price`, `md_pick`, `name`, `price`, `stock_number`, `category_id`) VALUES (75, 'N', 0, '75번설명', 20000, 'Y', 'McDonald’s x Kakao Friends French Fries Choonsik Doll | 맥도날드 x 카카오 프렌즈 후렌치 후라이 춘식이 인형', 20000, 99, 6);
INSERT INTO `product` (`id`, `best`, `del_flag`, `description`, `discount_price`, `md_pick`, `name`, `price`, `stock_number`, `category_id`) VALUES (76, 'N', 0, '76번설명', 23000, 'Y', 'McDonald’s x Kakao Friends Icecream Cone Choonsik Doll | 맥도날드 x 카카오 프렌즈 아이스크림 콘 춘식이 인형', 29000, 99, 6);
INSERT INTO `product` (`id`, `best`, `del_flag`, `description`, `discount_price`, `md_pick`, `name`, `price`, `stock_number`, `category_id`) VALUES (77, 'N', 0, '77번설명', 21000, 'Y', 'McDonald’s x Kakao Friends Crew Choonsik Doll | 맥도날드 x 카카오 프렌즈 크루 춘식이 인형', 25000, 99, 6);
INSERT INTO `product` (`id`, `best`, `del_flag`, `description`, `discount_price`, `md_pick`, `name`, `price`, `stock_number`, `category_id`) VALUES (78, 'N', 0, '78번설명', 27000, 'Y', 'Starbucks My Buddy Choonsik Keychain | 스타벅스 마이 버디 춘식 키체인', 27000, 99, 6);
INSERT INTO `product` (`id`, `best`, `del_flag`, `description`, `discount_price`, `md_pick`, `name`, `price`, `stock_number`, `category_id`) VALUES (79, 'N', 0, '79번설명', 36000, 'Y', 'Kakao x LMC Choonsik Figure Keyring | 카카오 x LMC 춘식 피규어 키링', 38000, 99, 6);
INSERT INTO `product` (`id`, `best`, `del_flag`, `description`, `discount_price`, `md_pick`, `name`, `price`, `stock_number`, `category_id`) VALUES (80, 'N', 0, '80번설명', 30000, 'Y', 'Starbucks Barista Choonsik Keychain | 스타벅스 바리스타 춘식 키체인', 30000, 99, 6);
INSERT INTO `product` (`id`, `best`, `del_flag`, `description`, `discount_price`, `md_pick`, `name`, `price`, `stock_number`, `category_id`) VALUES (81, 'N', 0, '81번설명', 75000, 'Y', 'Starbucks x Kakao Friends SS My Buddy Choonsik Quencher Tumbler 591ml | 스타벅스 x 카카오 프렌즈 SS 마이 버디 춘식이 켄처 텀블러 591ml', 120000, 99, 6);
INSERT INTO `product` (`id`, `best`, `del_flag`, `description`, `discount_price`, `md_pick`, `name`, `price`, `stock_number`, `category_id`) VALUES (82, 'N', 0, '82번설명', 20000, 'Y', 'Kakao x LMC iPhone Case Choonsik White | 카카오 x LMC 아이폰 케이스 춘식 화이트', 26000, 99, 6);
INSERT INTO `product` (`id`, `best`, `del_flag`, `description`, `discount_price`, `md_pick`, `name`, `price`, `stock_number`, `category_id`) VALUES (83, 'N', 0, '83번설명', 40000, 'Y', 'Starbucks Barista Choonsik Coaster (Set of 2) | 스타벅스 바리스타 춘식 코스터 (2개 세트)', 48000, 99, 6);
INSERT INTO `product` (`id`, `best`, `del_flag`, `description`, `discount_price`, `md_pick`, `name`, `price`, `stock_number`, `category_id`) VALUES (84, 'N', 0, '84번설명', 198000, 'Y', 'Bearbrick x Kakao Friends Choonsik 400% | 베어브릭 x 카카오 프렌즈 춘식이 400%', 198000, 99, 6);
INSERT INTO `product` (`id`, `best`, `del_flag`, `description`, `discount_price`, `md_pick`, `name`, `price`, `stock_number`, `category_id`) VALUES (85, 'N', 0, '85번설명', 60000, 'Y', 'KBO x Kakao Friends Choonsik Figure KIA Tigers V12 | 한국 프로야구 x 카카오 프렌즈 춘식이 피규어 기아 타이거즈 V12', 63000, 99, 6);
INSERT INTO `product` (`id`, `best`, `del_flag`, `description`, `discount_price`, `md_pick`, `name`, `price`, `stock_number`, `category_id`) VALUES (86, 'N', 0, '86번설명', 45000, 'Y', 'KBO x Kakao Friends Choonsik Figure SSG Landers V6 | 한국 프로야구 x 카카오 프렌즈 춘식이 피규어 SSG 랜더스 V6', 45000, 99, 6);
INSERT INTO `product` (`id`, `best`, `del_flag`, `description`, `discount_price`, `md_pick`, `name`, `price`, `stock_number`, `category_id`) VALUES (87, 'N', 0, '87번설명', 32000, 'Y', 'KBO x Kakao Friends Choonsik Figure Hanwha Eagles V2 | 한국 프로야구 x 카카오 프렌즈 춘식이 피규어 한화 이글스 V2', 60000, 99, 6);
INSERT INTO `product` (`id`, `best`, `del_flag`, `description`, `discount_price`, `md_pick`, `name`, `price`, `stock_number`, `category_id`) VALUES (88, 'N', 0, '88번설명', 108000, 'Y', 'KBO x Kakao Friends Choonsik Figure Samsung Lions V9 | 한국 프로야구 x 카카오 프렌즈 춘식이 피규어 삼성 라이온즈 V9', 108000, 99, 6);
INSERT INTO `product` (`id`, `best`, `del_flag`, `description`, `discount_price`, `md_pick`, `name`, `price`, `stock_number`, `category_id`) VALUES (89, 'N', 0, '1번설명', 20000, 'Y', 'Sanrio Hello Kitty Mini Mascot Holder | 산리오 헬로 키티 미니 마스코트 홀더', 20000, 99, 1);



INSERT INTO `product_image_list` (`product_id`, `image_name`, `ord`) VALUES (1, 's_b80dacd8-0526-4b0d-926e-a8a4e5c6434e-a_6976eb7ac3ad49fa9b86820540c5d41f.jpg', 0);
INSERT INTO `product_image_list` (`product_id`, `image_name`, `ord`) VALUES (2, 's_2bceef7f-2621-45bb-9953-6cf7ac302eeb-a_19b64e7ab143411aa0bb21f7f3bfcf04.jpg', 0);
INSERT INTO `product_image_list` (`product_id`, `image_name`, `ord`) VALUES (3, 's_ee9b00f5-33a3-4468-8e44-fdf866783c69-a_5f2bfcf1950e4b868c98a2e4d53269ce.png', 0);
INSERT INTO `product_image_list` (`product_id`, `image_name`, `ord`) VALUES (4, 's_91c81788-0aa7-4438-9df4-e2749745dfa8-a_3ec369396a684df991ba466418cea4f4.png', 0);
INSERT INTO `product_image_list` (`product_id`, `image_name`, `ord`) VALUES (5, 's_b523a81b-7ebd-46c5-be14-065f798f0c02-a_2b9c489b1af84bbfa4f59f27723610c4.jpg', 0);
INSERT INTO `product_image_list` (`product_id`, `image_name`, `ord`) VALUES (6, 's_a3a6840c-2eb1-4118-99ed-e81382ad5b91-a_ca350a274efe4abfb5932804189c480d.jpg', 0);
INSERT INTO `product_image_list` (`product_id`, `image_name`, `ord`) VALUES (7, 's_c0aceaf2-f5cb-42a8-ad37-dde38766ce67-a_da37f212ecf54a5581cfbacb31329716.jpg', 0);
INSERT INTO `product_image_list` (`product_id`, `image_name`, `ord`) VALUES (8, 's_382ac573-497e-42fa-b7ac-95e9c4893e87-a_6600b4a850674649aa41bf3ed44581b5.png', 0);
INSERT INTO `product_image_list` (`product_id`, `image_name`, `ord`) VALUES (9, 's_2980073b-8ccc-4fb8-a7d9-16115965e85c-a_0627e2a7e6d04089917540c06dd07cf5.jpg', 0);
INSERT INTO `product_image_list` (`product_id`, `image_name`, `ord`) VALUES (10, 's_701fe10f-dbbf-4b5d-be21-b14d816da9b3-a_0d84e7adfc7c4f089a1e729fdd8318e0.png', 0);
INSERT INTO `product_image_list` (`product_id`, `image_name`, `ord`) VALUES (11, 's_7925db0f-3326-4992-8de7-d553c713cb90-a_f813bb07b2244832943837ea982fa231.png', 0);
INSERT INTO `product_image_list` (`product_id`, `image_name`, `ord`) VALUES (12, 's_49dbf340-2cdc-4ea4-b4aa-cc72d65ca73a-a_d788e158aa1747c7bc92f8f2a6f2ecb1.png', 0);
INSERT INTO `product_image_list` (`product_id`, `image_name`, `ord`) VALUES (13, 's_b0e6a561-0d03-4167-9d5f-d849a83e9f07-a_cc49b32bd47a48279df104484c34b4ea.png', 0);
INSERT INTO `product_image_list` (`product_id`, `image_name`, `ord`) VALUES (14, 's_31098d79-1f8d-4458-b866-50b45763cb0d-a_a0ebd78a8b074446a574f8ef75d9afb8.jpg', 0);
INSERT INTO `product_image_list` (`product_id`, `image_name`, `ord`) VALUES (15, 's_e7d98dcb-1296-4b6f-8306-321388342b2c-a_e841194b994b4dd49affdca318a18036.jpg', 0);
INSERT INTO `product_image_list` (`product_id`, `image_name`, `ord`) VALUES (16, 's_529c907a-90dc-4e9f-b352-05499e152dbf-a_bcbbd7f5b5574f5fad9c028b7079d05f.jpg', 0);
INSERT INTO `product_image_list` (`product_id`, `image_name`, `ord`) VALUES (17, 's_ddb4fef4-4cdf-4498-af25-482bc5b5aee9-a_3d2f71911b444d408dab771e22c031f3.jpg', 0);
INSERT INTO `product_image_list` (`product_id`, `image_name`, `ord`) VALUES (18, 's_4108e60a-f0e3-43e2-9685-16408950137c-a_9653be26d593425ea404ce3eddf19940.jpg', 0);
INSERT INTO `product_image_list` (`product_id`, `image_name`, `ord`) VALUES (19, 's_94b867a4-6d1a-438d-b0dd-576a02b2a825-a_c23d73875095451bb48a6cefffdc0196.jpg', 0);
INSERT INTO `product_image_list` (`product_id`, `image_name`, `ord`) VALUES (20, 's_23e453a9-9b23-41fa-92ca-a7e4f3646074-a_8b2107cbdd864c64a3acc8d03063011c.jpg', 0);
INSERT INTO `product_image_list` (`product_id`, `image_name`, `ord`) VALUES (21, 's_9a3f13ba-625e-4df4-81ba-a02b2fcfb8c4-a_0212f52a0d0149df8284460360f7b3af.jpg', 0);
INSERT INTO `product_image_list` (`product_id`, `image_name`, `ord`) VALUES (22, 's_099584aa-9d7e-4a5a-9820-6e43f494598c-a_7734d6a588f44712ac2bdab34e112a79.jpg', 0);
INSERT INTO `product_image_list` (`product_id`, `image_name`, `ord`) VALUES (23, 's_b829d0c2-a573-45b0-9639-0d7ecd7fde2e-a_a6833611642f44408eacf03c5a0cc90c.jpg', 0);
INSERT INTO `product_image_list` (`product_id`, `image_name`, `ord`) VALUES (24, 's_22cbeb5c-ea3a-4926-ac9f-afad8d64ea90-a_407644b59cf54a53b0002b1bb4d686fd.jpg', 0);
INSERT INTO `product_image_list` (`product_id`, `image_name`, `ord`) VALUES (25, 's_27312f9c-cc02-46f4-9b5d-6fb9ef87878d-a_36092300c544406ea57d0d48a51e1b88.jpg', 0);
INSERT INTO `product_image_list` (`product_id`, `image_name`, `ord`) VALUES (26, 's_3fd9ad48-0985-4af6-aab0-98ae3f7278c6-a_395c1520856d4088b5ccbd59632ff678.jpg', 0);
INSERT INTO `product_image_list` (`product_id`, `image_name`, `ord`) VALUES (27, 's_139c1155-00a3-4712-ab8d-a102e454a93e-a_ce15ec47440a43659f91c77b3d4abcf1.jpg', 0);
INSERT INTO `product_image_list` (`product_id`, `image_name`, `ord`) VALUES (28, 's_f78f8212-3b1b-413c-b409-0da8d788cf3e-a_534a5d730b4b4d2da5f243a179ff6849.jpg', 0);
INSERT INTO `product_image_list` (`product_id`, `image_name`, `ord`) VALUES (29, 's_cb11279c-dcf7-41c8-8e04-6aa667cf219c-a_150bbc8005f6477c90362747d1b37895.jpg', 0);
INSERT INTO `product_image_list` (`product_id`, `image_name`, `ord`) VALUES (30, 's_c164f657-bfc3-4910-a24d-6ca2fb2adf79-a_d588888b06e8441982e6eb4d70440c04.jpg', 0);
INSERT INTO `product_image_list` (`product_id`, `image_name`, `ord`) VALUES (31, 's_c8abff4d-3218-45e1-a4ee-3308d0d14468-a_48f2512120134eb3b93aa9e6b8f569fa.jpg', 0);
INSERT INTO `product_image_list` (`product_id`, `image_name`, `ord`) VALUES (32, 's_8b36d92c-d446-475e-80fe-aea4926eb157-a_46201f1c92d64e52bcbaebc424ce99e2.jpg', 0);
INSERT INTO `product_image_list` (`product_id`, `image_name`, `ord`) VALUES (33, 's_62009e70-f7d7-479d-81a0-b7b32967c938-a_52a33194a7aa4d27ba6b1ea6eea36ea8.png', 0);
INSERT INTO `product_image_list` (`product_id`, `image_name`, `ord`) VALUES (34, 's_e615b7c6-ee38-4477-b481-d67d0a8dc312-a_b3f7fb66f57643b7bf047eabacb2536b.jpg', 0);
INSERT INTO `product_image_list` (`product_id`, `image_name`, `ord`) VALUES (35, 's_d0cc95bd-73fd-496b-862a-09f9ad40f866-a_8fc2aca569a44907a937b9697aae6897.jpg', 0);
INSERT INTO `product_image_list` (`product_id`, `image_name`, `ord`) VALUES (36, 's_1f7b1b33-714d-45ae-afc9-11ab65d73be9-a_1e0dd4010abe44f290d70eefdfc8d7a1.jpg', 0);
INSERT INTO `product_image_list` (`product_id`, `image_name`, `ord`) VALUES (37, 's_919aa55e-fecc-4313-be85-6975df97ca55-a_e7ba5363dad84f21b0d76e3fc2a63f5b.jpg', 0);
INSERT INTO `product_image_list` (`product_id`, `image_name`, `ord`) VALUES (38, 's_03d3c5fa-3ee0-4e21-997e-a47ab8aee70d-a_9f66807e81dc4f41b5d8e4205573f7a7.jpg', 0);
INSERT INTO `product_image_list` (`product_id`, `image_name`, `ord`) VALUES (39, 's_e496a1f7-3406-45f2-9c91-4be65174cfe9-a_8829d4f1c359453f8856a6ba878083dd.png', 0);
INSERT INTO `product_image_list` (`product_id`, `image_name`, `ord`) VALUES (40, 's_c5ae65ed-bfae-44a2-85f8-173ea0cb16c6-a_01772d72254a4c4d82f465185343dfa1.png', 0);
INSERT INTO `product_image_list` (`product_id`, `image_name`, `ord`) VALUES (41, 's_afd735bb-8893-4ae8-97a0-7498ad58b67a-a_de350c29ed164b31ba734914e00a77e6.png', 0);
INSERT INTO `product_image_list` (`product_id`, `image_name`, `ord`) VALUES (42, 's_1541b292-9e1f-4848-9a97-693ee0e9aa61-a_e3c87346146944ceaf4d5af83c01ecdc.png', 0);
INSERT INTO `product_image_list` (`product_id`, `image_name`, `ord`) VALUES (43, 's_249a5d13-be0b-4169-853f-837875b8b6ea-a_1b3ed24ff2dc405fa7a565ea166df4bb.jpg', 0);
INSERT INTO `product_image_list` (`product_id`, `image_name`, `ord`) VALUES (44, 's_07420568-a94c-462e-a8af-5e07d8541f38-a_7e71d38022374903bdff0feb0659c6e0.jpg', 0);
INSERT INTO `product_image_list` (`product_id`, `image_name`, `ord`) VALUES (45, 's_816f83ec-1260-4e03-9010-a4ad43c019ab-a_940d295bb6be4cc3a05f65ceea57004d.jpg', 0);
INSERT INTO `product_image_list` (`product_id`, `image_name`, `ord`) VALUES (46, 's_0329a444-b5ca-4e9e-b93a-e865e1833b16-a_1a92a4a4262746d6862a5d12e4a4a0bf.jpg', 0);
INSERT INTO `product_image_list` (`product_id`, `image_name`, `ord`) VALUES (47, 's_d440bb8f-8f26-4381-a840-3e4adc1792d5-a_2855d4e8a1164fd7a64ff1e94af8396d.jpg', 0);
INSERT INTO `product_image_list` (`product_id`, `image_name`, `ord`) VALUES (48, 's_e238e126-fcfc-49c4-84b7-05377eae64e7-a_73752f63c4484e599305f03f281a37a9.jpg', 0);
INSERT INTO `product_image_list` (`product_id`, `image_name`, `ord`) VALUES (49, 's_ea356273-96b2-4404-bc00-dd5e7f83a86f-p_5dd3bc11058244c3a99d8d5e9c2d45cc.png', 0);
INSERT INTO `product_image_list` (`product_id`, `image_name`, `ord`) VALUES (50, 's_ad81b57c-5d83-4106-b164-4988b5a76fe8-a_b6ac224af78743b7bf472ff50a658ddf.png', 0);
INSERT INTO `product_image_list` (`product_id`, `image_name`, `ord`) VALUES (51, 's_bf2f820e-590b-47ae-a0b3-daf71d8f97c9-a_04830b3d08c1420588d03871c2817da5.jpg', 0);
INSERT INTO `product_image_list` (`product_id`, `image_name`, `ord`) VALUES (52, 's_e9dc7e07-a7fa-4071-bc51-360685b274e0-p_dd98b069a22c4376a7949ef3b3fb19b9.jpg', 0);
INSERT INTO `product_image_list` (`product_id`, `image_name`, `ord`) VALUES (53, 's_c7ee6620-7325-47f4-befc-be11452b690c-p_23d0b384f9ef42848f26af15dcb0c042.jpg', 0);
INSERT INTO `product_image_list` (`product_id`, `image_name`, `ord`) VALUES (54, 's_bf689d22-95e5-46e8-a34d-9fdbcda403e8-a_20a669b56c844e8683094648a3ab3010.jpg', 0);
INSERT INTO `product_image_list` (`product_id`, `image_name`, `ord`) VALUES (55, 's_6b72377b-6f2f-4f7c-a98d-0b6a5545c6be-a_eaa44a640b804afe9401c53c2db0535c.jpg', 0);
INSERT INTO `product_image_list` (`product_id`, `image_name`, `ord`) VALUES (56, 's_a47ac2e3-5cca-4c6c-b9d9-e9ead97f8eb1-a_f569a62aa0f44fe39b08c0e481e490a1.jpg', 0);
INSERT INTO `product_image_list` (`product_id`, `image_name`, `ord`) VALUES (57, 's_b16705bb-f09d-4055-9edc-7ce070241962-a_5b94e64c1efa492fb3f775a7ea4003bd.jpg', 0);
INSERT INTO `product_image_list` (`product_id`, `image_name`, `ord`) VALUES (58, 's_b6d12c49-99c5-4676-aaf0-cb203b3427cf-a_3475dfbb319b4426a512f2c3da237219.png', 0);
INSERT INTO `product_image_list` (`product_id`, `image_name`, `ord`) VALUES (59, 's_ee64d5bd-3ef5-43fc-bbf5-4301f3f7c77b-a_c2e9f499ca534427ad15daa023c83bba.jpg', 0);
INSERT INTO `product_image_list` (`product_id`, `image_name`, `ord`) VALUES (60, 's_ad464b08-5fd1-4f16-ac92-2253c8269ba2-a_bea89d422302454f9eb196c936a2f56a.jpg', 0);
INSERT INTO `product_image_list` (`product_id`, `image_name`, `ord`) VALUES (61, 's_c49505ce-049b-4ee4-8420-fa2eb72d1e27-p_7f642524bd89452e905de7ae8fc4d764.jpg', 0);
INSERT INTO `product_image_list` (`product_id`, `image_name`, `ord`) VALUES (62, 's_d4f03e3c-a223-4b9e-bedb-7911c97f4e6a-a_a1f66e3f0181485a804f9f6ca6e25d23.jpg', 0);
INSERT INTO `product_image_list` (`product_id`, `image_name`, `ord`) VALUES (63, 's_695a666f-b394-4178-928e-6ee6cf5b709f-a_6b55c941b8554fe49491c71cc4bcc4ee.png', 0);
INSERT INTO `product_image_list` (`product_id`, `image_name`, `ord`) VALUES (64, 's_f432a805-f796-42e7-ae4d-1c58eb6b9f87-a_8b4e282a9df44dcb8a8e17afd6b0e889.jpg', 0);
INSERT INTO `product_image_list` (`product_id`, `image_name`, `ord`) VALUES (65, 's_1cc4994d-fd24-446e-a91f-e71e2b2bafdf-a_20a7cf56cee14520a7a01c0aaff7787e.jpg', 0);
INSERT INTO `product_image_list` (`product_id`, `image_name`, `ord`) VALUES (66, 's_516194b6-1644-425d-ae90-81d75ff74f65-a_ea5b966f396346bf83b3b20fe73bdbda.jpg', 0);
INSERT INTO `product_image_list` (`product_id`, `image_name`, `ord`) VALUES (67, 's_22c4f90d-fe11-4093-a229-981c74036e46-a_8aff17d901054594989b515fb74e759b.jpg', 0);
INSERT INTO `product_image_list` (`product_id`, `image_name`, `ord`) VALUES (68, 's_e1e67c57-5ef7-401a-80b1-e1f2c2a714e9-a_73b74d5017754206aaca6b46c69ec6de.jpg', 0);
INSERT INTO `product_image_list` (`product_id`, `image_name`, `ord`) VALUES (69, 's_1d953f7c-f64b-4744-9ab0-eb7c7965bf92-a_5abb78c7fe3e4122beb3832aaff269db.jpg', 0);
INSERT INTO `product_image_list` (`product_id`, `image_name`, `ord`) VALUES (70, 's_35a3e448-338d-459f-bf34-ecac855f8127-p_58062224120b41b88da4c2aaf8d9900b.png', 0);
INSERT INTO `product_image_list` (`product_id`, `image_name`, `ord`) VALUES (71, 's_9c826a6b-159b-4787-87ae-5764c6e887f0-p_2acba0a011064042a8d958544447bd51.png', 0);
INSERT INTO `product_image_list` (`product_id`, `image_name`, `ord`) VALUES (72, 's_8dafc6c1-7561-48c3-a884-33e11f21f3c2-p_17217edcf167479bac85836d9cfd5b99.png', 0);
INSERT INTO `product_image_list` (`product_id`, `image_name`, `ord`) VALUES (73, 's_835bfced-49c3-493f-9ed4-97c3cc550890-p_a8c5f8226596465ea9d394d3f6b2848e.png', 0);
INSERT INTO `product_image_list` (`product_id`, `image_name`, `ord`) VALUES (74, 's_80723cbd-7d62-47b8-a832-b1a6282f7740-a_ea13dd802507468a96877057a5b37147.jpg', 0);
INSERT INTO `product_image_list` (`product_id`, `image_name`, `ord`) VALUES (75, 's_e6bd254f-3941-44c5-a0da-7ce2ac96d710-a_4249db6931d44d9980bc6195225e62a2.jpg', 0);
INSERT INTO `product_image_list` (`product_id`, `image_name`, `ord`) VALUES (76, 's_26946126-4335-47e7-9920-d1bef46a68ae-a_409c1bc194ee40bbb8fad8270ba07331.jpg', 0);
INSERT INTO `product_image_list` (`product_id`, `image_name`, `ord`) VALUES (77, 's_d685e0c7-978f-4d21-8b74-3e3bdc256509-a_e410347b7cef46aba37894138eeeee34.jpg', 0);
INSERT INTO `product_image_list` (`product_id`, `image_name`, `ord`) VALUES (78, 's_758a2a11-65ae-4247-941b-4d02be1a2029-a_68243067fb6a4c8198d2ddd7e3758695.jpg', 0);
INSERT INTO `product_image_list` (`product_id`, `image_name`, `ord`) VALUES (79, 's_3d9226b9-43bc-48bc-b798-85a00e8b649d-a_6dd9a76e594848b4bd53d12cb0a8b1e9.jpg', 0);
INSERT INTO `product_image_list` (`product_id`, `image_name`, `ord`) VALUES (80, 's_9baf8942-108e-4a23-af10-4cc1d81f26f3-a_80d6e496bb3648c0b71df7c7bbdee9a5.jpg', 0);
INSERT INTO `product_image_list` (`product_id`, `image_name`, `ord`) VALUES (81, 's_c0b945a7-3f4c-4fee-959f-18fe8126cf2b-a_cd500dc5fecc419690c0bb674e1e3789.jpg', 0);
INSERT INTO `product_image_list` (`product_id`, `image_name`, `ord`) VALUES (82, 's_c078e958-ea66-4e53-aa5d-f71f27650a90-a_d5f0b62b37d74f5d8196f3b0c1c2ab91.png', 0);
INSERT INTO `product_image_list` (`product_id`, `image_name`, `ord`) VALUES (83, 's_d5f1695a-5ff1-47cb-8126-152bd0949b0a-a_da308ac6e540429482cde75c81ee3e9e.jpg', 0);
INSERT INTO `product_image_list` (`product_id`, `image_name`, `ord`) VALUES (84, 's_8d7109a8-e863-4b56-a7a6-db3dc5c345d0-a_6a4508e870fe4bc49f58e6998af3ce87.png', 0);
INSERT INTO `product_image_list` (`product_id`, `image_name`, `ord`) VALUES (85, 's_e3b42772-683e-4905-8447-d1cbfa0e24e3-a_e5aff9624be441c9a2d239ed9117e8db.jpg', 0);
INSERT INTO `product_image_list` (`product_id`, `image_name`, `ord`) VALUES (86, 's_23800aa0-055a-4d47-be9a-1b9bb8c43b5a-a_00c5e9a676d34803878f8183b4a531a7.jpg', 0);
INSERT INTO `product_image_list` (`product_id`, `image_name`, `ord`) VALUES (87, 's_0c227eb0-3867-4bf3-8f41-ef1197253240-a_bbcb2e6d677e48cf8fe6420f002bcd41.jpg', 0);
INSERT INTO `product_image_list` (`product_id`, `image_name`, `ord`) VALUES (88, 's_c7830f10-c9a0-41d7-8caf-de783a1e5dcf-a_76c8473506b8440aa2b2fa29f18c8865.jpg', 0);
INSERT INTO `product_image_list` (`product_id`, `image_name`, `ord`) VALUES (89, 's_b8a94d93-b796-4973-aafd-ca58d333ce68-a_6976eb7ac3ad49fa9b86820540c5d41f.jpg', 0);
INSERT INTO `product_image_list` (`product_id`, `image_name`, `ord`) VALUES (89, 's_4af09ccf-2ca3-4fbb-b165-8dd877935307-a_2e59dcde07474b5faeb86fbea1fe51f8.jpg', 1);